Kata Kunci Penelusuran,Jenis kecocokan,Status Kriteria,Status Kampanye,Status Grup Iklan,Biaya,Klik,CTR
home charger,Pencocokan luas,Aktif,Aktif,Aktif,Rp0,0,"0,00%"
electric charger,Pencocokan luas,Aktif,Aktif,Aktif,Rp0,0,"0,00%"
ev charger,Pencocokan luas,Aktif,Aktif,Aktif,Rp0,0,"0,00%"
electric vehicle charger,Pencocokan luas,Aktif,Aktif,Aktif,Rp0,0,"0,00%"
evse charger,Pencocokan luas,Aktif,Aktif,Aktif,Rp0,0,"0,00%"
electric car charging at home,Pencocokan luas,Aktif,Aktif,Aktif,Rp0,0,"0,00%"
ev charging solutions,Pencocokan luas,Aktif,Aktif,Aktif,Rp0,0,"0,00%"
best home ev charger,Pencocokan luas,Aktif,Aktif,Aktif,Rp0,0,"0,00%"
electric vehicle charger installation,Pencocokan luas,Aktif,Aktif,Aktif,Rp0,0,"0,00%"
ev home charger installation,Pencocokan luas,Aktif,Aktif,Aktif,Rp0,0,"0,00%"
ev home chargers,Pencocokan luas,Aktif,Aktif,Aktif,Rp0,0,"0,00%"
ev home charger,Pencocokan luas,Aktif,Aktif,Aktif,Rp0,0,"0,00%"
electric charger installation,Pencocokan luas,Aktif,Aktif,Aktif,Rp0,0,"0,00%"
ev installation,Pencocokan luas,Aktif,Aktif,Aktif,Rp0,0,"0,00%"
best ev charger,Pencocokan luas,Aktif,Aktif,Aktif,Rp0,0,"0,00%"
ev charger installation,Pencocokan luas,Aktif,Aktif,Aktif,Rp0,0,"0,00%"
commercial ev charger,Pencocokan luas,Aktif,Aktif,Aktif,Rp0,0,"0,00%"
wallbox charger,Pencocokan luas,Aktif,Aktif,Aktif,Rp0,0,"0,00%"
ev chargers near me,Pencocokan luas,Aktif,Aktif,Aktif,Rp0,0,"0,00%"
home charger installation,Pencocokan luas,Aktif,Aktif,Aktif,Rp0,0,"0,00%"
car conversion to electric malaysia,Pencocokan luas,Aktif,Aktif,Aktif,Rp0,0,"0,00%"
best ev charger for home,Pencocokan luas,Aktif,Aktif,Aktif,Rp0,0,"0,00%"
ev charger installation near me,Pencocokan luas,Aktif,Aktif,Aktif,Rp0,0,"0,00%"
ev charger installers near me,Pencocokan luas,Aktif,Aktif,Aktif,Rp0,0,"0,00%"
best ev chargers for home,Pencocokan luas,Aktif,Aktif,Aktif,Rp0,0,"0,00%"
ev installers near me,Pencocokan luas,Aktif,Aktif,Aktif,Rp0,0,"0,00%"
Ev Charger Installation Selangor,Pencocokan luas,Aktif,Aktif,Aktif,Rp0,0,"0,00%"
